,Job_number,vCPUs,Provider,Category,Score,Value
0,1,8.0,google,General,-0.475176177507,-1.250463625018421
1,2,4.0,google,Memory,-0.525766176599,-2.2202963538809124
2,3,2.0,google,General,-0.485942329613,-5.115182416978947
3,4,2.0,google,CPU,-0.4782467784450001,-6.745370640973202
4,5,8.0,google,CPU,-0.522927270278,-1.8438902337023977
5,6,2.0,google,General,-0.476282576278,-5.013500802926316
6,7,4.0,google,General,-0.506305075596,-2.6647635557684213
