,Job_number,vCPUs,Provider,Category,Score,Value
0,1,2.0,google,General,-0.48501752929200004,-5.105447676757895
1,2,4.0,google,Memory,-0.508185250049,-2.146052576220439
2,3,8.0,google,General,-0.524003821743,-1.3789574256394737
3,4,2.0,google,General,-0.481185609859,-5.065111682726315
4,5,8.0,google,CPU,-0.52663026224,-1.8569473280677007
5,6,2.0,google,General,-0.470001320714,-4.947382323305264
6,7,2.0,google,General,-0.493105579801,-5.190585050536842
