,Job_number,vCPUs,Provider,Category,Score,Value
0,1,2.0,google,General,-0.486276288048,-5.118697768926316
1,2,2.0,google,General,-0.490986954922,-5.168283736021053
2,3,2.0,google,General,-0.494495418794,-5.205214934673684
3,4,8.0,google,CPU,-0.511280219738,-1.802821649287729
4,5,2.0,google,General,-0.48378244033000006,-5.09244674031579
5,6,4.0,google,Memory,-0.51935336639,-2.1932152296874996
