,Job_number,vCPUs,Provider,Category,Score,Value
0,1,2.0,google,General,-0.491208235039,-5.170613000410526
1,2,4.0,google,Memory,-0.513033567759,-2.1665268908741555
2,3,2.0,google,CPU,-0.486716797196,-6.864834939294781
3,4,2.0,google,General,-0.48329820362399994,-5.087349511831579
4,5,8.0,google,CPU,-0.523445904198,-1.8457189851833566
5,6,2.0,google,General,-0.4764705602639999,-5.015479581726315
