,Job_number,vCPUs,Provider,Category,Score,Value
0,1,2.0,aws,General,-0.609141836012,-6.345227458458333
1,2,2.0,google,CPU,-0.472898606081,-6.669938026530324
2,3,4.0,aws,Memory,-0.654251414618,-2.5962357722936504
3,4,2.0,google,General,-0.48910756483599993,-5.14850068248421
4,5,2.0,aws,CPU,-0.684311461473,-8.050723076152941
5,6,8.0,aws,CPU,-0.737729949767,-2.169793969902941
