,Job_number,vCPUs,Provider,Category,Score,Value
0,1,2.0,aws,General,-0.615167971808,-6.407999706333333
1,2,2.0,google,General,-0.48034469525500006,-5.056259950052632
2,3,4.0,aws,Memory,-0.660917062455,-2.6226867557738096
3,4,2.0,aws,CPU,-0.694270420533,-8.167887300388236
4,5,2.0,google,General,-0.485083367793,-5.106140713610526
5,6,2.0,google,CPU,-0.466156056486,-6.574838596417489
6,7,8.0,aws,CPU,-0.74103766296,-2.179522538117647
7,8,2.0,aws,General,-0.609958073159,-6.3537299287395825
