,Job_number,vCPUs,Provider,Category,Score,Value
0,1,2.0,google,General,-0.484356227951,-5.098486610010526
1,2,8.0,google,CPU,-0.519101374268,-1.8303997682228488
2,3,2.0,google,General,-0.489087917046,-5.148293863642105
3,4,8.0,google,General,-0.519177618469,-1.3662568907078947
4,5,4.0,google,Memory,-0.515279525159,-2.1760115082728038
5,6,2.0,google,General,-0.485338439487,-5.108825678810526
