,Job_number,vCPUs,Provider,Category,Score,Value
0,1,8.0,google,General,-0.514662915104,-1.3543760923789472
1,2,4.0,google,Memory,-0.508453586956,-2.147185755726351
2,3,2.0,google,General,-0.468957158497,-4.936391142073684
3,4,8.0,google,CPU,-0.499707507501,-1.7620151886495063
4,5,2.0,google,General,-0.488590610411,-5.1430590569578944
5,6,2.0,google,CPU,-0.458583666285,-6.468034785401975
