,Job_number,vCPUs,Provider,Category,Score,Value
0,1,2.0,google,General,-0.48396739319099996,-5.094393612536842
1,2,8.0,aws,General,-0.646724015599,-1.684177123955729
2,3,2.0,aws,General,-0.609826483062,-6.3523591985625005
3,4,4.0,aws,Memory,-0.6559680637,-2.603047871825397
4,5,2.0,aws,General,-0.609001741778,-6.343768143520833
5,6,2.0,aws,General,-0.610594045081,-6.360354636260417
6,7,2.0,aws,Memory,-0.620741825829,-4.926522427214286
7,8,2.0,aws,General,-0.609463762397,-6.348580858302083
