,Job_number,vCPUs,Provider,Category,Score,Value
0,1,2.0,google,General,-0.47992124989199997,-5.051802630442105
1,2,4.0,google,Memory,-0.5095731369,-2.1519135848817563
2,3,2.0,google,CPU,-0.474619414639,-6.694208951184766
3,4,2.0,google,General,-0.481820353007,-5.0717931895473685
4,5,8.0,google,General,-0.53628081364,-1.4112652990526315
5,6,8.0,google,CPU,-0.517355192094,-1.8242425673272216
6,7,2.0,google,General,-0.4796074651319999,-5.04849963296842
