,Job_number,vCPUs,Provider,Category,Score,Value
0,1,2.0,aws,CPU,-0.686325682333,-8.07441979215294
1,2,2.0,aws,General,-0.611263343676,-6.367326496625
2,3,4.0,aws,Memory,-0.675705246211,-2.6813700246468257
3,4,2.0,google,General,-0.4884349402459999,-5.141420423642105
4,5,2.0,google,Memory,-0.480718691203,-4.0601240811064185
5,6,8.0,google,CPU,-0.520971587116,-1.8369943128208743
6,7,2.0,aws,General,-0.609320626459,-6.347089858947917
7,8,8.0,aws,CPU,-0.7410210895979998,-2.1794737929352936
