,Job_number,vCPUs,Provider,Category,Score,Value
0,1,8.0,aws,CPU,-0.73090681031,-2.1497259126764705
1,2,2.0,google,General,-0.494273938101,-5.202883558957895
2,3,8.0,aws,General,-0.663428412948,-1.72767815871875
3,4,2.0,google,General,-0.485927554196,-5.115026886273684
4,5,4.0,aws,Memory,-0.655237749804,-2.6001498008095236
5,6,2.0,aws,General,-0.607864302688,-6.331919819666666
6,7,2.0,google,CPU,-0.477304485816,-6.732080194866008
