,Job_number,vCPUs,Provider,Category,Score,Value
0,1,4.0,aws,Memory,-0.657580023343,-2.609444537075397
1,2,8.0,google,CPU,-0.508041527449,-1.79140171879055
2,3,2.0,google,General,-0.48294119785,-5.083591556315789
3,4,8.0,aws,General,-0.652913213121,-1.7002948258359376
4,5,2.0,aws,General,-0.6136954796,-6.392661245833334
5,6,8.0,aws,General,-0.649446046463,-1.6912657459973957
6,7,8.0,aws,CPU,-0.730471995597,-2.1484470458735294
7,8,2.0,aws,CPU,-0.691271051234,-8.132600602752941
