,Job_number,vCPUs,Provider,Category,Score,Value
0,1,8.0,aws,General,-0.678501394122,-1.7669307138593748
1,2,2.0,aws,General,-0.612263767357,-6.377747576635417
2,3,4.0,aws,Memory,-0.672034868284,-2.666805032873016
3,4,2.0,google,General,-0.489213460618,-5.149615374926316
4,5,2.0,aws,CPU,-0.689560514674,-8.112476643223529
5,6,2.0,aws,CPU,-0.686348960825,-8.074693656764705
