,Job_number,vCPUs,Provider,Category,Score,Value
0,1,2.0,google,General,-0.480366638917,-5.056490935968421
1,2,8.0,aws,General,-0.684849668369,-1.7834626780442706
2,3,2.0,aws,CPU,-0.685012537379,-8.058971027988235
3,4,2.0,aws,General,-0.609826215517,-6.352356411635417
4,5,4.0,aws,Memory,-0.65664678102,-2.605741194523809
5,6,2.0,aws,CPU,-0.691952881009,-8.140622129517647
