,Job_number,vCPUs,Provider,Category,Score,Value
0,1,8.0,aws,General,-0.659948629386,-1.7186162223593748
1,2,4.0,aws,Memory,-0.652854327413,-2.5906917754484127
2,3,2.0,google,General,-0.494950721103,-5.210007590557894
3,4,2.0,aws,General,-0.608427081799,-6.337782102072916
4,5,8.0,aws,CPU,-0.7362938726,-2.1655702135294117
5,6,2.0,aws,CPU,-0.6873501209910001,-8.086472011658824
6,7,2.0,google,General,-0.481963180535,-5.073296637210526
