,Job_number,vCPUs,Provider,Category,Score,Value
0,1,2.0,google,General,-0.462968070853,-4.873348114242106
1,2,2.0,google,General,-0.486826661523,-5.124491173926316
2,3,8.0,google,General,-0.520531942181,-1.3698209004763158
3,4,8.0,google,CPU,-0.518057222805,-1.8267179929654442
4,5,2.0,google,General,-0.496638015352,-5.227768582652631
5,6,2.0,google,General,-0.486510689386,-5.121165151431579
6,7,4.0,google,Memory,-0.528465221803,-2.2316943488302368
