,Job_number,vCPUs,Provider,Category,Score,Value
0,1,2.0,aws,General,-0.61292070371,-6.384590663645833
1,2,2.0,google,CPU,-0.48056101793300005,-6.778011536431594
2,3,2.0,aws,CPU,-0.687503065307,-8.08827135655294
3,4,8.0,aws,CPU,-0.73816090646,-2.171061489588235
4,5,4.0,aws,Memory,-0.658555864401,-2.6133169222261903
5,6,2.0,aws,General,-0.614041186921,-6.396262363760416
6,7,2.0,aws,CPU,-0.680595505346,-8.007005945247059
