,Job_number,vCPUs,Provider,Category,Score,Value
0,1,2.0,aws,CPU,-0.0026304577044025256,-0.030946561228265005
1,2,8.0,aws,CPU,-0.002033088334063361,-0.0059796715707745906
2,3,4.0,aws,Memory,-0.0019283762629664616,-0.007652286757803419
3,4,8.0,google,General,-0.0006244342274678097,-0.0016432479670205518
4,5,2.0,google,CPU,-0.0006624778751123088,-0.009343834627818176
5,6,2.0,aws,General,-0.0026038660287081377,-0.02712360446570977
