,Job_number,vCPUs,Provider,Category,Score,Value
0,1,4.0,aws,Memory,-0.653544895912,-2.5934321266349207
1,2,2.0,aws,General,-0.60592956299,-6.311766281145833
2,3,2.0,aws,CPU,-0.682045354577,-8.02406299502353
3,4,8.0,aws,CPU,-0.740820650171,-2.1788842652088234
4,5,2.0,google,General,-0.490699585348,-5.165258793136842
5,6,2.0,google,General,-0.481227201537,-5.065549489863158
