,Job_number,vCPUs,Provider,Category,Score,Value
0,1,8.0,google,General,-0.533590900313,-1.4041865797710527
1,2,2.0,google,General,-0.47921010208,-5.044316864
2,3,8.0,aws,CPU,-0.741365614214,-2.1804871006294118
3,4,2.0,aws,General,-0.60856802191,-6.339250228229167
4,5,8.0,aws,General,-0.66449113373,-1.7304456607552083
5,6,2.0,google,General,-0.482123172918,-5.074980767557895
6,7,4.0,aws,Memory,-0.651287795648,-2.5844753795555553
