,Job_number,vCPUs,Provider,Category,Score,Value
0,1,8.0,aws,General,-0.645620334114,-1.6813029534218749
1,2,2.0,google,General,-0.47989038824,-5.051477770947368
2,3,8.0,aws,CPU,-0.741242351436,-2.180124563047059
3,4,2.0,google,General,-0.48182652068100007,-5.071858112431579
4,5,2.0,aws,General,-0.606719313253,-6.319992846385416
5,6,4.0,aws,Memory,-0.668186701075,-2.651534528075397
