,Job_number,vCPUs,Provider,Category,Score,Value
0,1,2.0,google,General,-0.485711389049,-5.112751463673685
1,2,8.0,aws,CPU,-0.74295660293,-2.1851664792058823
2,3,8.0,aws,General,-0.647247660006,-1.685540781265625
3,4,2.0,google,General,-0.486234515613,-5.11825805908421
4,5,4.0,aws,Memory,-0.654725596615,-2.5981174468849204
5,6,2.0,google,CPU,-0.47419470949200004,-6.688218751650211
6,7,2.0,aws,General,-0.608561551263,-6.33918282565625
